,Unnamed: 0,Date,nom,smoothed_confirmed_cases,smoothed_confirmed_deaths
0,0,2026-05-14,Mongbalu,0.0,0.0
1,1,2026-05-15,Mongbalu,0.0,0.0
2,2,2026-05-15,Rwampara,13.0,0.0
3,3,2026-05-15,Bunia,0.0,0.0
4,4,2026-05-18,Mongbalu,0.3333333333333333,0.0
5,5,2026-05-18,Rwampara,9.5,0.0
6,6,2026-05-18,Bunia,3.0,0.0
7,7,2026-05-18,Nyakunde,4.0,0.0
8,8,2026-05-18,Goma,1.0,0.0
9,9,2026-05-18,Katwa,1.0,0.0
10,10,2026-05-18,Butembo,1.0,0.0
11,11,2026-05-19,Mongbalu,3.25,0.0
12,12,2026-05-19,Rwampara,8.333333333333334,0.0
13,13,2026-05-19,Bunia,2.0,0.0
14,14,2026-05-19,Nyakunde,2.0,0.0
15,15,2026-05-19,Goma,0.5,0.0
16,16,2026-05-19,Katwa,0.5,0.0
17,17,2026-05-19,Butembo,0.5,0.0
18,18,2026-05-20,Mongbalu,2.6,0.0
19,19,2026-05-20,Rwampara,6.25,0.0
20,20,2026-05-20,Bunia,2.75,0.0
21,21,2026-05-20,Nyakunde,1.6666666666666667,0.0
22,22,2026-05-20,Goma,0.3333333333333333,0.0
23,23,2026-05-20,Katwa,0.3333333333333333,0.0
24,24,2026-05-20,Butembo,0.3333333333333333,0.0
25,25,2026-05-20,Bambu,1.0,0.0
26,26,2026-05-21,Mongbalu,2.333333333333333,0.0
27,27,2026-05-21,Rwampara,6.4,0.2
28,28,2026-05-21,Bunia,3.0,0.2
29,29,2026-05-21,Nyakunde,2.75,0.0
30,30,2026-05-21,Goma,0.25,0.0
31,31,2026-05-21,Katwa,0.25,0.0
32,32,2026-05-21,Butembo,0.5,0.0
33,33,2026-05-21,Bambu,0.5,0.0
34,34,2026-05-21,Nizi,1.0,0.0
35,35,2026-05-21,Kilo,1.0,0.0
36,36,2026-05-21,Miti-Murhesa,1.0,0.0
37,37,2026-05-22,Mongbalu,2.0,0.0
38,38,2026-05-22,Rwampara,5.5,0.3333333333333333
39,39,2026-05-22,Bunia,3.8333333333333335,0.3333333333333333
40,40,2026-05-22,Nyakunde,2.2,0.0
41,41,2026-05-22,Goma,0.2,0.0
42,42,2026-05-22,Katwa,0.2,0.0
43,43,2026-05-22,Butembo,0.4,0.0
44,44,2026-05-22,Bambu,0.3333333333333333,0.0
45,45,2026-05-22,Nizi,1.0,0.0
46,46,2026-05-22,Kilo,0.5,0.0
47,47,2026-05-22,Miti-Murhesa,0.5,0.0
48,48,2026-05-22,Aru,1.0,0.0
49,49,2026-05-23,Mongbalu,3.2857142857142856,0.0
50,50,2026-05-23,Rwampara,4.714285714285714,0.2857142857142857
51,51,2026-05-23,Bunia,3.4285714285714284,0.2857142857142857
52,52,2026-05-23,Nyakunde,1.8333333333333333,0.0
53,53,2026-05-23,Goma,0.1666666666666666,0.0
54,54,2026-05-23,Katwa,0.8333333333333334,0.0
55,55,2026-05-23,Butembo,0.3333333333333333,0.0
56,56,2026-05-23,Bambu,0.25,0.0
57,57,2026-05-23,Nizi,0.6666666666666666,0.0
58,58,2026-05-23,Kilo,0.3333333333333333,0.0
59,59,2026-05-23,Miti-Murhesa,0.3333333333333333,0.0
60,60,2026-05-23,Aru,0.5,0.0
61,61,2026-05-24,Mongbalu,3.2857142857142856,0.0
62,62,2026-05-24,Rwampara,2.857142857142857,0.2857142857142857
63,63,2026-05-24,Bunia,3.4285714285714284,0.2857142857142857
64,64,2026-05-24,Nyakunde,1.5714285714285714,0.0
65,65,2026-05-24,Goma,0.1428571428571428,0.0
66,66,2026-05-24,Katwa,0.7142857142857143,0.0
67,67,2026-05-24,Butembo,0.5714285714285714,0.0
68,68,2026-05-24,Bambu,0.6,0.0
69,69,2026-05-24,Nizi,0.5,0.0
70,70,2026-05-24,Kilo,0.25,0.0
71,71,2026-05-24,Miti-Murhesa,0.25,0.0
72,72,2026-05-24,Aru,0.3333333333333333,0.0
73,73,2026-05-24,Oicha,1.0,0.0
74,74,2026-05-24,Kalunguta,1.0,0.0
75,75,2026-05-25,Mongbalu,3.142857142857143,0.0
76,76,2026-05-25,Rwampara,2.0,0.2857142857142857
77,77,2026-05-25,Bunia,2.571428571428572,0.2857142857142857
78,78,2026-05-25,Nyakunde,1.0,0.0
79,79,2026-05-25,Goma,0.0,0.0
80,80,2026-05-25,Butembo,0.4285714285714285,0.0
81,81,2026-05-25,Bambu,0.5,0.0
82,82,2026-05-25,Nizi,0.4,0.0
83,83,2026-05-25,Kilo,0.2,0.0
84,84,2026-05-25,Miti-Murhesa,0.2,0.0
85,85,2026-05-25,Aru,0.25,0.0
86,86,2026-05-25,Oicha,0.5,0.0
87,87,2026-05-25,Kalunguta,0.5,0.0
88,88,2026-05-25,Kyondo,1.0,0.0
89,89,2026-05-26,Mongbalu,1.5714285714285714,0.0
90,90,2026-05-26,Rwampara,1.2857142857142858,0.2857142857142857
91,91,2026-05-26,Bunia,4.285714285714286,0.2857142857142857
92,92,2026-05-26,Nyakunde,1.1428571428571428,0.0
93,93,2026-05-26,Goma,0.0,0.0
94,94,2026-05-25,Katwa,0.5714285714285714,0.0
95,95,2026-05-26,Butembo,0.4285714285714285,0.0
96,96,2026-05-26,Bambu,0.4285714285714285,0.0
97,97,2026-05-26,Nizi,0.3333333333333333,0.0
98,98,2026-05-26,Kilo,0.1666666666666666,0.0
99,99,2026-05-26,Miti-Murhesa,0.1666666666666666,0.0
100,100,2026-05-26,Aru,0.2,0.0
101,101,2026-05-26,Oicha,0.3333333333333333,0.0
102,102,2026-05-26,Kalunguta,0.3333333333333333,0.0
103,103,2026-05-26,Karisimbi,0.0,0.0
104,104,2026-05-26,Damas,0.0,0.0
105,105,2026-05-26,Fataki,0.0,0.0
106,106,2026-05-26,Mambasa,0.0,0.0
107,107,2026-05-26,Rimba,0.0,0.0
108,108,2026-05-26,Kyondo,0.5,0.0
109,109,2026-05-27,Mongbalu,1.5714285714285714,0.0
110,110,2026-05-27,Rwampara,1.2857142857142858,0.2857142857142857
111,111,2026-05-27,Bunia,3.7142857142857135,0.2857142857142857
112,112,2026-05-27,Nyakunde,1.0,0.0
113,113,2026-05-27,Goma,0.0,0.0
114,114,2026-05-27,Katwa,0.5714285714285714,0.0
115,115,2026-05-27,Butembo,0.7142857142857143,0.0
116,116,2026-05-27,Bambu,0.2857142857142857,0.0
117,117,2026-05-27,Nizi,0.2857142857142857,0.0
118,118,2026-05-27,Kilo,0.1428571428571428,0.0
119,119,2026-05-27,Miti-Murhesa,0.1428571428571428,0.0
120,120,2026-05-27,Aru,0.1666666666666666,0.0
121,121,2026-05-27,Oicha,0.5,0.0
122,122,2026-05-27,Kalunguta,0.5,0.0
123,123,2026-05-27,Karisimbi,0.0,0.0
124,124,2026-05-27,Damas,0.0,0.0
125,125,2026-05-27,Fataki,0.0,0.0
126,126,2026-05-27,Mambasa,0.0,0.0
127,127,2026-05-27,Rimba,0.0,0.0
128,128,2026-05-27,Kyondo,0.3333333333333333,0.0
129,129,2026-05-28,Aru,0.2857142857142857,1.0
130,130,2026-05-28,Bambu,0.5714285714285714,0.2857142857142857
131,131,2026-05-28,Bunia,9.285714285714286,1.0
132,132,2026-05-28,Kilo,0.1428571428571428,0.0
133,133,2026-05-28,Mongbalu,5.285714285714286,1.4285714285714286
134,134,2026-05-28,Nizi,0.1428571428571428,0.0
135,135,2026-05-28,Nyakunde,1.4285714285714286,0.1428571428571428
136,136,2026-05-28,Rwampara,4.857142857142857,1.7142857142857142
137,137,2026-05-28,Mangala,1.0,0.0
138,138,2026-05-28,Damas,0.3333333333333333,0.0
139,139,2026-05-28,Aungba,1.0,0.0
140,140,2026-05-28,Gethy,1.0,0.0
141,141,2026-05-28,Komanda,1.0,0.1428571428571428
142,142,2026-05-28,Jiba,0.0,0.0
143,143,2026-05-28,Lita,1.0,0.0
144,144,2026-05-28,Butembo,0.5714285714285714,0.2857142857142857
145,145,2026-05-28,Goma,0.0,0.0
146,146,2026-05-28,Katwa,0.5714285714285714,0.4285714285714285
147,147,2026-05-28,Karisimbi,0.0,0.0
148,148,2026-05-28,Kyondo,0.5,0.0
149,149,2026-05-28,Oicha,0.4,0.0
150,150,2026-05-28,Kalunguta,0.4,1.0
151,151,2026-05-28,Beni,2.0,0.0
152,152,2026-05-28,Miti-Murhesa,0.2857142857142857,0.1428571428571428
153,153,2026-05-29,Aru,0.1428571428571428,0.5
154,154,2026-05-29,Bambu,0.5714285714285714,0.2857142857142857
155,155,2026-05-29,Bunia,8.142857142857142,0.8571428571428571
156,156,2026-05-29,Kilo,0.1428571428571428,0.0
157,157,2026-05-29,Mongbalu,5.285714285714286,1.4285714285714286
158,158,2026-05-29,Nizi,0.0,0.0
159,159,2026-05-29,Nyakunde,1.4285714285714286,0.1428571428571428
160,160,2026-05-29,Rwampara,4.714285714285714,1.5714285714285714
161,161,2026-05-29,Mangala,0.5,0.0
162,162,2026-05-29,Damas,0.25,0.0
163,163,2026-05-29,Aungba,0.5,0.0
164,164,2026-05-29,Gethy,0.5,0.0
165,165,2026-05-29,Komanda,0.5,0.0
166,166,2026-05-29,Jiba,0.0,0.0
167,167,2026-05-29,Lita,0.5,0.0
168,168,2026-05-29,Butembo,0.5714285714285714,0.2857142857142857
169,169,2026-05-29,Goma,0.0,0.0
170,170,2026-05-29,Katwa,0.5714285714285714,0.4285714285714285
171,171,2026-05-29,Karisimbi,0.0,0.0
172,172,2026-05-29,Kyondo,0.4,0.0
173,173,2026-05-29,Oicha,0.3333333333333333,0.0
174,174,2026-05-29,Kalunguta,0.3333333333333333,0.5
175,175,2026-05-29,Manguredjipa,0.0,0.0
176,176,2026-05-29,Beni,1.0,0.0
177,177,2026-05-29,Miti-Murhesa,0.2857142857142857,0.1428571428571428
178,178,2026-05-30,Aru,0.1428571428571428,0.3333333333333333
179,179,2026-05-30,Bambu,0.5714285714285714,0.2857142857142857
180,180,2026-05-30,Bunia,8.0,0.8571428571428571
181,181,2026-05-30,Kilo,0.1428571428571428,0.0
182,182,2026-05-30,Mongbalu,4.0,1.4285714285714286
183,183,2026-05-30,Nizi,0.0,0.0
184,184,2026-05-30,Nyakunde,1.4285714285714286,0.1428571428571428
185,185,2026-05-30,Rwampara,4.714285714285714,1.5714285714285714
186,186,2026-05-30,Mangala,0.3333333333333333,0.0
187,187,2026-05-30,Damas,0.2,0.0
188,188,2026-05-30,Aungba,0.3333333333333333,0.0
189,189,2026-05-30,Gethy,0.3333333333333333,0.0
190,190,2026-05-30,Komanda,0.3333333333333333,0.0
191,191,2026-05-30,Jiba,0.0,0.0
192,192,2026-05-30,Lita,0.3333333333333333,0.0
193,193,2026-05-30,Butembo,0.5714285714285714,0.2857142857142857
194,194,2026-05-30,Goma,0.0,0.0
195,195,2026-05-30,Katwa,0.5714285714285714,0.4285714285714285
196,196,2026-05-30,Karisimbi,0.0,0.0
197,197,2026-05-30,Kyondo,0.3333333333333333,0.0
198,198,2026-05-30,Oicha,0.2857142857142857,0.0
199,199,2026-05-30,Kalunguta,0.2857142857142857,0.3333333333333333
200,200,2026-05-30,Manguredjipa,0.0,0.0
201,201,2026-05-30,Beni,0.6666666666666666,0.0
202,202,2026-05-30,Miti-Murhesa,0.2857142857142857,0.1428571428571428
203,203,2026-06-01,Aru,0.1428571428571428,0.25
204,204,2026-06-01,Bambu,0.2857142857142857,0.2857142857142857
205,205,2026-06-01,Bunia,8.0,0.8571428571428571
206,206,2026-06-01,Kilo,0.1428571428571428,0.0
207,207,2026-06-01,Mongbalu,4.0,1.4285714285714286
208,208,2026-06-01,Nizi,0.0,0.0
209,209,2026-06-01,Nyakunde,1.4285714285714286,0.1428571428571428
210,210,2026-06-01,Rwampara,4.714285714285714,1.5714285714285714
211,211,2026-06-01,Mangala,0.25,0.0
212,212,2026-06-01,Damas,0.1666666666666666,0.0
213,213,2026-06-01,Aungba,0.25,0.0
214,214,2026-06-01,Gethy,0.25,0.0
215,215,2026-06-01,Komanda,0.25,0.0
216,216,2026-06-01,Jiba,0.0,0.0
217,217,2026-06-01,Lita,0.25,0.0
218,218,2026-06-01,Logo,1.0,0.0
219,219,2026-06-01,Mambasa,0.6666666666666666,1.0
220,220,2026-06-01,Butembo,0.2857142857142857,0.2857142857142857
221,221,2026-06-01,Goma,0.0,0.0
222,222,2026-06-01,Katwa,0.4285714285714285,0.7142857142857143
223,223,2026-06-01,Karisimbi,0.0,0.0
224,224,2026-06-01,Kyondo,0.2857142857142857,0.0
225,225,2026-06-01,Oicha,0.2857142857142857,0.5
226,226,2026-06-01,Kalunguta,0.1428571428571428,0.25
227,227,2026-06-01,Manguredjipa,0.0,0.0
228,228,2026-06-01,Beni,1.25,0.75
229,229,2026-06-01,Miti-Murhesa,0.2857142857142857,0.1428571428571428
230,230,2026-06-02,Bunia,8.714285714285714,0.8571428571428571
231,231,2026-06-02,Rwampara,5.714285714285714,1.8571428571428568
232,232,2026-06-02,Mongbalu,4.0,1.4285714285714286
233,233,2026-06-02,Nyakunde,1.8571428571428568,0.1428571428571428
234,234,2026-06-02,Rimba,1.0,0.0
235,235,2026-06-02,Miti-Murhesa,0.2857142857142857,0.1428571428571428
236,236,2026-06-02,Bambu,0.2857142857142857,0.2857142857142857
237,237,2026-06-02,Aru,0.1428571428571428,0.2
238,238,2026-06-02,Kilo,0.1428571428571428,0.0
239,239,2026-06-02,Nizi,0.0,0.0
240,240,2026-06-02,Damas,0.2857142857142857,0.0
241,241,2026-06-02,Mambasa,0.5,0.5
242,242,2026-06-02,Katwa,0.4285714285714285,0.7142857142857143
243,243,2026-06-02,Beni,1.0,0.6
244,244,2026-06-02,Butembo,0.2857142857142857,0.2857142857142857
245,245,2026-06-02,Oicha,0.2857142857142857,0.4
246,246,2026-06-02,Kalunguta,0.1428571428571428,0.2
247,247,2026-06-02,Kyondo,0.1428571428571428,0.0
248,248,2026-06-02,Goma,0.0,0.0
249,249,2026-06-02,Mangala,0.2,0.0
250,250,2026-06-02,Aungba,0.2,0.0
251,251,2026-06-02,Gethy,0.2,0.0
252,252,2026-06-02,Komanda,0.2,0.0
253,253,2026-06-02,Lita,0.2,0.0
254,254,2026-06-02,Logo,0.5,0.0
255,255,2026-06-03,Aru,0.1428571428571428,0.1666666666666666
256,256,2026-06-03,Bambu,0.2857142857142857,0.2857142857142857
257,257,2026-06-03,Bunia,8.714285714285714,1.0
258,258,2026-06-03,Kilo,0.1428571428571428,0.0
259,259,2026-06-03,Mongbalu,3.857142857142857,1.4285714285714286
260,260,2026-06-03,Nizi,0.0,0.0
261,261,2026-06-03,Nyakunde,1.7142857142857142,0.1428571428571428
262,262,2026-06-03,Rwampara,6.142857142857143,2.0
263,263,2026-06-03,Mangala,0.1666666666666666,0.0
264,264,2026-06-03,Damas,0.4285714285714285,0.0
265,265,2026-06-03,Aungba,0.1666666666666666,0.0
266,266,2026-06-03,Gethy,0.1666666666666666,0.0
267,267,2026-06-03,Komanda,0.1666666666666666,0.0
268,268,2026-06-03,Jiba,0.0,0.0
269,269,2026-06-03,Lita,0.3333333333333333,0.0
270,270,2026-06-03,Butembo,0.2857142857142857,0.2857142857142857
271,271,2026-06-03,Goma,0.0,0.0
272,272,2026-06-03,Katwa,0.4285714285714285,0.7142857142857143
273,273,2026-06-03,Karisimbi,0.0,0.0
274,274,2026-06-03,Kyondo,0.1428571428571428,0.0
275,275,2026-06-03,Oicha,0.2857142857142857,0.3333333333333333
276,276,2026-06-03,Kalunguta,0.1428571428571428,0.1666666666666666
277,277,2026-06-03,Manguredjipa,0.0,0.0
278,278,2026-06-03,Beni,0.8333333333333334,0.5
279,279,2026-06-03,Miti-Murhesa,0.2857142857142857,0.1428571428571428
280,280,2026-06-04,Bunia,12.285714285714286,1.2857142857142858
281,281,2026-06-04,Rwampara,7.571428571428571,2.2857142857142856
282,282,2026-06-04,Mongbalu,6.285714285714286,3.0
283,283,2026-06-04,Nyakunde,1.7142857142857142,0.1428571428571428
284,284,2026-06-04,Bambu,0.7142857142857143,0.2857142857142857
285,285,2026-06-04,Aru,0.2857142857142857,0.1428571428571428
286,286,2026-06-04,Kilo,0.2857142857142857,0.1428571428571428
287,287,2026-06-04,Nizi,0.4285714285714285,0.0
288,288,2026-06-04,Mangala,0.1428571428571428,0.0
289,289,2026-06-04,Damas,0.4285714285714285,0.0
290,290,2026-06-04,Aungba,0.1428571428571428,0.0
291,291,2026-06-04,Gethy,0.1428571428571428,0.0
292,292,2026-06-04,Komanda,0.4285714285714285,0.0
293,293,2026-06-04,Lita,0.4285714285714285,0.0
294,294,2026-06-04,Logo,0.6666666666666666,0.0
295,295,2026-06-04,Mambasa,0.4,0.3333333333333333
296,296,2026-06-04,Rimba,0.75,0.0
297,297,2026-06-04,Katwa,1.0,1.0
298,298,2026-06-04,Beni,0.7142857142857143,0.4285714285714285
299,299,2026-06-04,Butembo,0.2857142857142857,0.2857142857142857
300,300,2026-06-04,Oicha,0.1428571428571428,0.2857142857142857
301,301,2026-06-04,Kalunguta,0.0,0.1428571428571428
302,302,2026-06-04,Kyondo,0.1428571428571428,0.0
303,303,2026-06-04,Goma,0.0,0.0
304,304,2026-06-04,Miti-Murhesa,0.2857142857142857,0.1428571428571428
305,305,2026-06-05,Bunia,8.285714285714286,0.8571428571428571
306,306,2026-06-05,Rwampara,4.0,0.8571428571428571
307,307,2026-06-05,Mongbalu,3.857142857142857,1.5714285714285714
308,308,2026-06-05,Nyakunde,0.7142857142857143,0.0
309,309,2026-06-05,Bambu,0.4285714285714285,0.0
310,310,2026-06-05,Aru,0.1428571428571428,0.0
311,311,2026-06-05,Kilo,0.2857142857142857,0.1428571428571428
312,312,2026-06-05,Nizi,0.4285714285714285,0.0
313,313,2026-06-05,Mangala,0.0,0.0
314,314,2026-06-05,Damas,0.2857142857142857,0.0
315,315,2026-06-05,Aungba,0.0,0.0
316,316,2026-06-05,Gethy,0.0,0.0
317,317,2026-06-05,Komanda,0.2857142857142857,0.0
318,318,2026-06-05,Lita,0.4285714285714285,0.0
319,319,2026-06-05,Logo,0.5,0.0
320,320,2026-06-05,Mambasa,0.3333333333333333,0.25
321,321,2026-06-05,Rimba,0.6,0.0
322,322,2026-06-05,Katwa,1.0,0.5714285714285714
323,323,2026-06-05,Beni,0.4285714285714285,0.4285714285714285
324,324,2026-06-05,Butembo,0.2857142857142857,0.0
325,325,2026-06-05,Oicha,0.1428571428571428,0.2857142857142857
326,326,2026-06-05,Kalunguta,0.0,0.0
327,327,2026-06-05,Kyondo,0.0,0.0
328,328,2026-06-05,Goma,0.0,0.0
329,329,2026-06-05,Miti-Murhesa,0.2857142857142857,0.0
330,330,2026-06-06,Bunia,8.857142857142858,0.8571428571428571
331,331,2026-06-06,Rwampara,4.714285714285714,0.8571428571428571
332,332,2026-06-06,Mongbalu,6.428571428571429,2.142857142857143
333,333,2026-06-06,Nyakunde,0.7142857142857143,0.0
334,334,2026-06-06,Bambu,0.4285714285714285,0.0
335,335,2026-06-06,Aru,0.1428571428571428,0.0
336,336,2026-06-06,Kilo,0.2857142857142857,0.1428571428571428
337,337,2026-06-06,Nizi,0.4285714285714285,0.0
338,338,2026-06-06,Mangala,0.0,0.0
339,339,2026-06-06,Damas,0.2857142857142857,0.0
340,340,2026-06-06,Aungba,0.0,0.0
341,341,2026-06-06,Gethy,0.0,0.0
342,342,2026-06-06,Komanda,0.2857142857142857,0.0
343,343,2026-06-06,Lita,0.4285714285714285,0.0
344,344,2026-06-06,Logo,0.4,0.0
345,345,2026-06-06,Mambasa,0.2857142857142857,0.2
346,346,2026-06-06,Rimba,0.5,0.0
347,347,2026-06-06,Katwa,1.0,0.7142857142857143
348,348,2026-06-06,Beni,0.4285714285714285,0.4285714285714285
349,349,2026-06-06,Butembo,0.2857142857142857,0.0
350,350,2026-06-06,Oicha,0.1428571428571428,0.2857142857142857
351,351,2026-06-06,Kalunguta,0.0,0.0
352,352,2026-06-06,Kyondo,0.0,0.0
353,353,2026-06-06,Goma,0.0,0.0
354,354,2026-06-06,Miti-Murhesa,0.2857142857142857,0.0
355,355,2026-06-07,Bunia,10.285714285714286,1.0
356,356,2026-06-07,Rwampara,6.571428571428571,1.0
357,357,2026-06-07,Mongbalu,7.285714285714286,2.7142857142857144
358,358,2026-06-07,Nyakunde,1.0,0.0
359,359,2026-06-07,Bambu,0.4285714285714285,0.0
360,360,2026-06-07,Aru,0.1428571428571428,0.0
361,361,2026-06-07,Kilo,0.2857142857142857,0.1428571428571428
362,362,2026-06-07,Nizi,0.4285714285714285,0.0
363,363,2026-06-07,Mangala,0.0,0.0
364,364,2026-06-07,Damas,0.2857142857142857,0.0
365,365,2026-06-07,Aungba,0.0,0.0
366,366,2026-06-07,Gethy,0.0,0.0
367,367,2026-06-07,Komanda,0.2857142857142857,0.0
368,368,2026-06-07,Lita,0.4285714285714285,0.0
369,369,2026-06-07,Logo,0.3333333333333333,0.0
370,370,2026-06-07,Mambasa,0.2857142857142857,0.1666666666666666
371,371,2026-06-07,Rimba,0.4285714285714285,0.0
372,372,2026-06-07,Katwa,1.0,0.7142857142857143
373,373,2026-06-07,Beni,1.0,1.0
374,374,2026-06-07,Butembo,0.2857142857142857,0.0
375,375,2026-06-07,Oicha,0.1428571428571428,0.2857142857142857
376,376,2026-06-07,Kalunguta,0.0,0.0
377,377,2026-06-07,Kyondo,0.0,0.0
378,378,2026-06-07,Goma,0.0,0.0
379,379,2026-06-07,Miti-Murhesa,0.2857142857142857,0.0
380,380,2026-06-08,Bunia,11.857142857142858,1.0
381,381,2026-06-08,Rwampara,8.142857142857142,1.0
382,382,2026-06-08,Mongbalu,9.571428571428571,4.285714285714286
383,383,2026-06-08,Nyakunde,1.8571428571428568,0.0
384,384,2026-06-08,Bambu,0.4285714285714285,0.0
385,385,2026-06-08,Aru,0.1428571428571428,0.0
386,386,2026-06-08,Kilo,0.2857142857142857,0.1428571428571428
387,387,2026-06-08,Nizi,0.4285714285714285,0.0
388,388,2026-06-08,Mangala,0.0,0.0
389,389,2026-06-08,Damas,0.2857142857142857,0.0
390,390,2026-06-08,Aungba,0.1428571428571428,0.1428571428571428
391,391,2026-06-08,Gethy,0.0,0.0
392,392,2026-06-08,Komanda,0.2857142857142857,0.0
393,393,2026-06-08,Lita,0.4285714285714285,0.0
394,394,2026-06-08,Logo,0.2857142857142857,0.0
395,395,2026-06-08,Mambasa,0.2857142857142857,0.1428571428571428
396,396,2026-06-08,Rimba,0.4285714285714285,0.0
397,397,2026-06-08,Katwa,0.7142857142857143,0.4285714285714285
398,398,2026-06-08,Beni,0.5714285714285714,0.5714285714285714
399,399,2026-06-08,Butembo,0.5714285714285714,0.2857142857142857
400,400,2026-06-08,Oicha,0.0,0.0
401,401,2026-06-08,Kalunguta,0.0,0.0
402,402,2026-06-08,Kyondo,0.0,0.0
403,403,2026-06-08,Goma,0.0,0.0
404,404,2026-06-08,Miti-Murhesa,0.2857142857142857,0.0
405,405,2026-06-09,Bunia,12.571428571428571,1.0
406,406,2026-06-09,Rwampara,8.714285714285714,1.4285714285714286
407,407,2026-06-09,Mongbalu,11.428571428571429,5.285714285714286
408,408,2026-06-09,Nyakunde,1.4285714285714286,0.0
409,409,2026-06-09,Bambu,0.4285714285714285,0.0
410,410,2026-06-09,Aru,0.1428571428571428,0.0
411,411,2026-06-09,Kilo,0.2857142857142857,0.1428571428571428
412,412,2026-06-09,Nizi,0.4285714285714285,0.0
413,413,2026-06-09,Mangala,0.0,0.0
414,414,2026-06-09,Damas,0.1428571428571428,0.0
415,415,2026-06-09,Aungba,0.1428571428571428,0.1428571428571428
416,416,2026-06-09,Gethy,0.0,0.0
417,417,2026-06-09,Komanda,0.2857142857142857,0.0
418,418,2026-06-09,Lita,0.5714285714285714,0.0
419,419,2026-06-09,Logo,0.1428571428571428,0.0
420,420,2026-06-09,Mambasa,0.0,0.0
421,421,2026-06-09,Rimba,0.4285714285714285,0.0
422,422,2026-06-09,Tchomia,2.0,0.0
423,423,2026-06-09,Katwa,0.7142857142857143,0.4285714285714285
424,424,2026-06-09,Beni,0.5714285714285714,0.5714285714285714
425,425,2026-06-09,Butembo,0.5714285714285714,0.2857142857142857
426,426,2026-06-09,Oicha,0.0,0.0
427,427,2026-06-09,Kalunguta,0.0,0.0
428,428,2026-06-09,Kyondo,0.0,0.0
429,429,2026-06-09,Goma,0.0,0.0
430,430,2026-06-09,Miti-Murhesa,0.5714285714285714,0.0
431,431,2026-06-10,Bunia,12.571428571428571,1.1428571428571428
432,432,2026-06-10,Rwampara,8.714285714285714,1.2857142857142858
433,433,2026-06-10,Mongbalu,12.142857142857142,5.571428571428571
434,434,2026-06-10,Nyakunde,1.5714285714285714,0.0
435,435,2026-06-10,Bambu,0.7142857142857143,0.0
436,436,2026-06-10,Aru,0.1428571428571428,0.0
437,437,2026-06-10,Kilo,0.2857142857142857,0.1428571428571428
438,438,2026-06-10,Nizi,0.7142857142857143,0.0
439,439,2026-06-10,Mangala,0.1428571428571428,0.0
440,440,2026-06-10,Damas,0.0,0.0
441,441,2026-06-10,Aungba,0.1428571428571428,0.1428571428571428
442,442,2026-06-10,Gethy,0.0,0.0
443,443,2026-06-10,Komanda,0.2857142857142857,0.0
444,444,2026-06-10,Lita,0.5714285714285714,0.0
445,445,2026-06-10,Logo,0.1428571428571428,0.0
446,446,2026-06-10,Mambasa,0.0,0.0
447,447,2026-06-10,Rimba,0.0,0.0
448,448,2026-06-10,Tchomia,1.0,0.0
449,449,2026-06-10,Kambala,1.0,1.0
450,450,2026-06-10,Katwa,1.5714285714285714,0.7142857142857143
451,451,2026-06-10,Beni,0.5714285714285714,0.5714285714285714
452,452,2026-06-10,Butembo,1.0,0.4285714285714285
453,453,2026-06-10,Oicha,0.0,0.0
454,454,2026-06-10,Kalunguta,0.0,0.0
455,455,2026-06-10,Kyondo,0.1428571428571428,0.0
456,456,2026-06-10,Goma,0.0,0.0
457,457,2026-06-10,Masereka,1.0,0.0
458,458,2026-06-10,Vuhovi,1.0,1.0
459,459,2026-06-10,Miti-Murhesa,0.5714285714285714,0.0
460,460,2026-06-11,Bunia,9.714285714285714,0.8571428571428571
461,461,2026-06-11,Rwampara,8.0,1.1428571428571428
462,462,2026-06-11,Mongbalu,10.285714285714286,4.428571428571429
463,463,2026-06-11,Nyakunde,1.5714285714285714,0.0
464,464,2026-06-11,Bambu,0.2857142857142857,0.0
465,465,2026-06-11,Aru,0.0,0.0
466,466,2026-06-11,Kilo,0.1428571428571428,0.0
467,467,2026-06-11,Nizi,0.5714285714285714,0.1428571428571428
468,468,2026-06-11,Mangala,0.1428571428571428,0.0
469,469,2026-06-11,Damas,0.0,0.0
470,470,2026-06-11,Aungba,0.1428571428571428,0.1428571428571428
471,471,2026-06-11,Gethy,0.0,0.0
472,472,2026-06-11,Komanda,0.0,0.0
473,473,2026-06-11,Lita,0.4285714285714285,0.0
474,474,2026-06-11,Logo,0.0,0.0
475,475,2026-06-11,Mambasa,0.0,0.0
476,476,2026-06-11,Rimba,0.0,0.0
477,477,2026-06-11,Tchomia,0.6666666666666666,0.0
478,478,2026-06-11,Kambala,0.5,0.5
479,479,2026-06-11,Katwa,1.0,0.4285714285714285
480,480,2026-06-11,Beni,0.5714285714285714,0.5714285714285714
481,481,2026-06-11,Butembo,0.7142857142857143,0.4285714285714285
482,482,2026-06-11,Oicha,0.0,0.0
483,483,2026-06-11,Kalunguta,0.0,0.0
484,484,2026-06-11,Kyondo,0.1428571428571428,0.2857142857142857
485,485,2026-06-11,Goma,0.0,0.1428571428571428
486,486,2026-06-11,Masereka,0.5,0.5
487,487,2026-06-11,Vuhovi,0.5,0.5
488,488,2026-06-11,Miti-Murhesa,0.5714285714285714,0.0
489,489,2026-06-13,Bunia,10.571428571428571,0.8571428571428571
490,490,2026-06-13,Rwampara,8.0,1.1428571428571428
491,491,2026-06-13,Mongbalu,12.857142857142858,7.428571428571429
492,492,2026-06-13,Nyakunde,2.0,0.4285714285714285
493,493,2026-06-13,Bambu,0.2857142857142857,0.0
494,494,2026-06-13,Aru,0.0,0.0
495,495,2026-06-13,Kilo,0.0,0.0
496,496,2026-06-13,Nizi,0.8571428571428571,0.1428571428571428
497,497,2026-06-13,Mangala,0.5714285714285714,0.4285714285714285
498,498,2026-06-13,Damas,0.1428571428571428,0.0
499,499,2026-06-13,Aungba,0.1428571428571428,0.1428571428571428
500,500,2026-06-13,Gethy,0.0,0.0
501,501,2026-06-13,Komanda,0.4285714285714285,0.0
502,502,2026-06-13,Lita,0.2857142857142857,0.0
503,503,2026-06-13,Logo,0.0,0.0
504,504,2026-06-13,Mambasa,0.0,0.0
505,505,2026-06-13,Rimba,0.0,0.0
506,506,2026-06-13,Tchomia,0.5,0.0
507,507,2026-06-13,Kambala,0.3333333333333333,0.3333333333333333
508,508,2026-06-13,Nia-Nia,1.0,1.0
509,509,2026-06-13,Katwa,1.7142857142857142,0.8571428571428571
510,510,2026-06-13,Beni,1.2857142857142858,1.2857142857142858
511,511,2026-06-13,Butembo,2.2857142857142856,0.7142857142857143
512,512,2026-06-13,Oicha,0.0,0.0
513,513,2026-06-13,Kalunguta,0.0,0.0
514,514,2026-06-13,Kyondo,0.1428571428571428,0.2857142857142857
515,515,2026-06-13,Goma,0.0,0.1428571428571428
516,516,2026-06-13,Masereka,0.3333333333333333,0.3333333333333333
517,517,2026-06-13,Vuhovi,0.3333333333333333,0.3333333333333333
518,518,2026-06-13,Mabalako,1.0,0.0
519,519,2026-06-13,Miti-Murhesa,0.2857142857142857,0.0
520,520,2026-06-14,Bunia,10.428571428571429,0.8571428571428571
521,521,2026-06-14,Rwampara,7.714285714285714,1.1428571428571428
522,522,2026-06-14,Mongbalu,11.857142857142858,7.857142857142857
523,523,2026-06-14,Nyakunde,2.571428571428572,0.4285714285714285
524,524,2026-06-14,Bambu,0.2857142857142857,0.0
525,525,2026-06-14,Aru,0.0,0.0
526,526,2026-06-14,Kilo,0.0,0.0
527,527,2026-06-14,Nizi,0.8571428571428571,0.1428571428571428
528,528,2026-06-14,Mangala,0.5714285714285714,0.4285714285714285
529,529,2026-06-14,Damas,0.1428571428571428,0.0
530,530,2026-06-14,Aungba,0.1428571428571428,0.1428571428571428
531,531,2026-06-14,Gethy,0.0,0.0
532,532,2026-06-14,Komanda,0.4285714285714285,0.0
533,533,2026-06-14,Lita,0.2857142857142857,0.0
534,534,2026-06-14,Logo,0.0,0.0
535,535,2026-06-14,Mambasa,0.0,0.0
536,536,2026-06-14,Rimba,0.0,0.0
537,537,2026-06-14,Tchomia,0.4,0.0
538,538,2026-06-14,Kambala,0.25,0.25
539,539,2026-06-14,Nia-Nia,0.5,0.5
540,540,2026-06-14,Katwa,2.2857142857142856,1.2857142857142858
541,541,2026-06-14,Beni,1.2857142857142858,1.2857142857142858
542,542,2026-06-14,Butembo,2.4285714285714284,0.7142857142857143
543,543,2026-06-14,Oicha,0.0,0.0
544,544,2026-06-14,Kalunguta,0.0,0.0
545,545,2026-06-14,Kyondo,0.1428571428571428,0.2857142857142857
546,546,2026-06-14,Goma,0.0,0.1428571428571428
547,547,2026-06-14,Masereka,0.25,0.25
548,548,2026-06-14,Vuhovi,0.25,0.25
549,549,2026-06-14,Mabalako,0.5,0.0
550,550,2026-06-14,Miti-Murhesa,0.2857142857142857,0.0
551,551,2026-06-15,Bunia,9.0,0.7142857142857143
552,552,2026-06-15,Rwampara,11.571428571428571,1.0
553,553,2026-06-15,Mongbalu,12.428571428571429,7.714285714285714
554,554,2026-06-15,Nyakunde,2.7142857142857144,0.4285714285714285
555,555,2026-06-15,Bambu,0.2857142857142857,0.0
556,556,2026-06-15,Aru,0.0,0.0
557,557,2026-06-15,Kilo,0.0,0.0
558,558,2026-06-15,Nizi,1.5714285714285714,0.1428571428571428
559,559,2026-06-15,Mangala,0.5714285714285714,0.4285714285714285
560,560,2026-06-15,Damas,0.1428571428571428,0.0
561,561,2026-06-15,Aungba,0.1428571428571428,0.1428571428571428
562,562,2026-06-15,Gethy,0.0,0.0
563,563,2026-06-15,Komanda,0.5714285714285714,0.1428571428571428
564,564,2026-06-15,Lita,0.7142857142857143,0.0
565,565,2026-06-15,Logo,0.0,0.0
566,566,2026-06-15,Mambasa,0.0,0.0
567,567,2026-06-15,Rimba,0.0,0.0
568,568,2026-06-15,Tchomia,0.3333333333333333,0.0
569,569,2026-06-15,Kambala,0.2,0.2
570,570,2026-06-15,Nia-Nia,0.3333333333333333,0.3333333333333333
571,571,2026-06-15,Katwa,2.2857142857142856,1.2857142857142858
572,572,2026-06-15,Beni,0.7142857142857143,0.7142857142857143
573,573,2026-06-15,Butembo,2.4285714285714284,0.7142857142857143
574,574,2026-06-15,Oicha,0.0,0.0
575,575,2026-06-15,Kalunguta,0.0,0.0
576,576,2026-06-15,Kyondo,0.1428571428571428,0.2857142857142857
577,577,2026-06-15,Goma,0.0,0.1428571428571428
578,578,2026-06-15,Masereka,0.2,0.2
579,579,2026-06-15,Vuhovi,0.2,0.2
580,580,2026-06-15,Mabalako,0.3333333333333333,0.0
581,581,2026-06-15,Miti-Murhesa,0.2857142857142857,0.0
582,582,2026-06-16,Bunia,9.0,0.0
583,583,2026-06-16,Rwampara,10.0,0.0
584,584,2026-06-16,Mongbalu,10.714285714285714,0.0
585,585,2026-06-16,Nyakunde,1.8571428571428568,0.0
586,586,2026-06-16,Bambu,0.2857142857142857,0.0
587,587,2026-06-16,Nizi,1.5714285714285714,0.0
588,588,2026-06-16,Komanda,0.5714285714285714,0.0
589,589,2026-06-16,Lita,0.7142857142857143,0.0
590,590,2026-06-16,Mangala,0.5714285714285714,0.0
591,591,2026-06-16,Tchomia,0.7142857142857143,0.0
592,592,2026-06-16,Kilo,0.0,0.0
593,593,2026-06-16,Damas,0.1428571428571428,0.0
594,594,2026-06-16,Rimba,0.0,0.0
595,595,2026-06-16,Aru,0.0,0.0
596,596,2026-06-16,Aungba,0.0,0.0
597,597,2026-06-16,Mambasa,0.0,0.0
598,598,2026-06-16,Logo,0.0,0.0
599,599,2026-06-16,Fataki,0.3333333333333333,0.0
600,600,2026-06-16,Gethy,0.0,0.0
601,601,2026-06-16,Kambala,0.1666666666666666,0.0
602,602,2026-06-16,Nia-Nia,0.25,0.0
603,603,2026-06-16,Katwa,2.142857142857143,0.0
604,604,2026-06-16,Butembo,2.857142857142857,0.0
605,605,2026-06-16,Beni,0.7142857142857143,0.0
606,606,2026-06-16,Oicha,0.1428571428571428,0.0
607,607,2026-06-16,Kyondo,0.1428571428571428,0.0
608,608,2026-06-16,Kalunguta,0.1428571428571428,0.0
609,609,2026-06-16,Goma,0.0,0.0
610,610,2026-06-16,Masereka,0.1666666666666666,0.0
611,611,2026-06-16,Vuhovi,0.1666666666666666,0.0
612,612,2026-06-16,Mabalako,0.25,0.0
613,613,2026-06-16,Musienene,1.0,0.0
614,614,2026-06-16,Miti-Murhesa,0.2857142857142857,0.0
615,615,2026-06-17,Bunia,10.571428571428571,3.7142857142857135
616,616,2026-06-17,Rwampara,11.714285714285714,1.8571428571428568
617,617,2026-06-17,Mongbalu,8.857142857142858,6.142857142857143
618,618,2026-06-17,Nyakunde,5.142857142857143,0.7142857142857143
619,619,2026-06-17,Nizi,2.857142857142857,0.7142857142857143
620,620,2026-06-17,Lita,1.8571428571428568,0.5714285714285714
621,621,2026-06-17,Komanda,1.0,0.4285714285714285
622,622,2026-06-17,Bambu,0.5714285714285714,0.0
623,623,2026-06-17,Kilo,0.4285714285714285,0.0
624,624,2026-06-17,Mangala,0.5714285714285714,0.4285714285714285
625,625,2026-06-17,Tchomia,0.4285714285714285,0.0
626,626,2026-06-17,Damas,0.1428571428571428,0.0
627,627,2026-06-17,Aungba,0.2857142857142857,0.0
628,628,2026-06-17,Rimba,0.0,0.0
629,629,2026-06-17,Aru,0.0,0.0
630,630,2026-06-17,Mambasa,0.0,0.0
631,631,2026-06-17,Logo,0.0,0.0
632,632,2026-06-17,Drodro,1.0,1.0
633,633,2026-06-17,Gethy,0.0,0.0
634,634,2026-06-17,Kambala,0.1428571428571428,0.1666666666666666
635,635,2026-06-17,Nia-Nia,0.2,0.25
636,636,2026-06-17,Fataki,0.25,0.0
637,637,2026-06-17,Butembo,3.0,1.0
638,638,2026-06-17,Katwa,2.2857142857142856,1.2857142857142858
639,639,2026-06-17,Beni,0.8571428571428571,1.0
640,640,2026-06-17,Oicha,0.1428571428571428,0.0
641,641,2026-06-17,Kalunguta,0.1428571428571428,0.0
642,642,2026-06-17,Kyondo,0.1428571428571428,0.2857142857142857
643,643,2026-06-17,Goma,0.0,0.1428571428571428
644,644,2026-06-17,Masereka,0.1428571428571428,0.1666666666666666
645,645,2026-06-17,Vuhovi,0.1428571428571428,0.1666666666666666
646,646,2026-06-17,Mabalako,0.2,0.0
647,647,2026-06-17,Musienene,0.5,1.0
648,648,2026-06-17,Miti-Murhesa,0.0,0.0
649,649,2026-06-18,Bunia,9.714285714285714,3.857142857142857
650,650,2026-06-18,Rwampara,11.714285714285714,1.4285714285714286
651,651,2026-06-18,Mongbalu,9.428571428571429,5.714285714285714
652,652,2026-06-18,Nyakunde,6.285714285714286,0.8571428571428571
653,653,2026-06-18,Nizi,2.7142857142857144,0.7142857142857143
654,654,2026-06-18,Lita,2.0,0.8571428571428571
655,655,2026-06-18,Komanda,1.0,0.4285714285714285
656,656,2026-06-18,Bambu,0.2857142857142857,0.0
657,657,2026-06-18,Kilo,0.4285714285714285,0.0
658,658,2026-06-18,Mangala,0.7142857142857143,0.5714285714285714
659,659,2026-06-18,Tchomia,0.4285714285714285,0.0
660,660,2026-06-18,Damas,0.1428571428571428,0.0
661,661,2026-06-18,Aungba,0.5714285714285714,0.1428571428571428
662,662,2026-06-18,Rimba,0.0,0.0
663,663,2026-06-18,Aru,0.0,0.0
664,664,2026-06-18,Mambasa,0.0,0.0
665,665,2026-06-18,Logo,0.0,0.0
666,666,2026-06-18,Drodro,0.5,0.5
667,667,2026-06-18,Gethy,0.0,0.0
668,668,2026-06-18,Kambala,0.0,0.1428571428571428
669,669,2026-06-18,Nia-Nia,0.1666666666666666,0.2
670,670,2026-06-18,Fataki,0.2,0.0
671,671,2026-06-18,Butembo,2.571428571428572,1.0
672,672,2026-06-18,Katwa,1.4285714285714286,1.2857142857142858
673,673,2026-06-18,Beni,1.0,1.0
674,674,2026-06-18,Oicha,0.1428571428571428,0.0
675,675,2026-06-18,Kalunguta,0.1428571428571428,0.0
676,676,2026-06-18,Kyondo,0.0,0.2857142857142857
677,677,2026-06-18,Goma,0.0,0.1428571428571428
678,678,2026-06-18,Masereka,0.0,0.1428571428571428
679,679,2026-06-18,Vuhovi,0.0,0.1428571428571428
680,680,2026-06-18,Mabalako,0.1666666666666666,0.0
681,681,2026-06-18,Musienene,0.3333333333333333,0.5
682,682,2026-06-18,Miti-Murhesa,0.0,0.0
683,683,2026-06-19,Bunia,9.714285714285714,3.571428571428572
684,684,2026-06-19,Rwampara,11.285714285714286,1.4285714285714286
685,685,2026-06-19,Mongbalu,10.428571428571429,5.714285714285714
686,686,2026-06-19,Nyakunde,6.571428571428571,0.8571428571428571
687,687,2026-06-19,Nizi,2.4285714285714284,0.7142857142857143
688,688,2026-06-19,Lita,2.0,0.8571428571428571
689,689,2026-06-19,Komanda,1.0,0.4285714285714285
690,690,2026-06-19,Bambu,0.2857142857142857,0.0
691,691,2026-06-19,Kilo,0.4285714285714285,0.0
692,692,2026-06-19,Mangala,0.7142857142857143,0.5714285714285714
693,693,2026-06-19,Tchomia,0.4285714285714285,0.0
694,694,2026-06-19,Damas,0.1428571428571428,0.0
695,695,2026-06-19,Aungba,0.5714285714285714,0.1428571428571428
696,696,2026-06-19,Rimba,0.0,0.0
697,697,2026-06-19,Aru,0.0,0.0
698,698,2026-06-19,Mambasa,0.0,0.0
699,699,2026-06-19,Logo,0.0,0.0
700,700,2026-06-19,Drodro,0.3333333333333333,0.3333333333333333
701,701,2026-06-19,Gethy,0.0,0.0
702,702,2026-06-19,Kambala,0.0,0.0
703,703,2026-06-19,Nia-Nia,0.1428571428571428,0.1666666666666666
704,704,2026-06-19,Fataki,0.1666666666666666,0.0
705,705,2026-06-19,Butembo,2.571428571428572,0.8571428571428571
706,706,2026-06-19,Katwa,1.7142857142857142,1.0
707,707,2026-06-19,Beni,1.0,1.0
708,708,2026-06-19,Oicha,0.1428571428571428,0.0
709,709,2026-06-19,Kalunguta,0.1428571428571428,0.0
710,710,2026-06-19,Kyondo,0.0,0.2857142857142857
711,711,2026-06-19,Goma,0.0,0.1428571428571428
712,712,2026-06-19,Masereka,0.0,0.1428571428571428
713,713,2026-06-19,Vuhovi,0.0,0.0
714,714,2026-06-19,Mabalako,0.1428571428571428,0.0
715,715,2026-06-19,Musienene,0.25,0.3333333333333333
716,716,2026-06-19,Miti-Murhesa,0.0,0.0
717,717,2026-06-20,Bunia,9.0,3.857142857142857
718,718,2026-06-20,Rwampara,11.714285714285714,1.2857142857142858
719,719,2026-06-20,Mongbalu,8.0,5.571428571428571
720,720,2026-06-20,Nyakunde,5.857142857142857,0.8571428571428571
721,721,2026-06-20,Nizi,2.142857142857143,0.5714285714285714
722,722,2026-06-20,Lita,2.0,0.8571428571428571
723,723,2026-06-20,Komanda,0.5714285714285714,0.4285714285714285
724,724,2026-06-20,Bambu,1.0,0.0
725,725,2026-06-20,Kilo,0.4285714285714285,0.0
726,726,2026-06-20,Mangala,0.2857142857142857,0.5714285714285714
727,727,2026-06-20,Tchomia,0.4285714285714285,0.0
728,728,2026-06-20,Damas,0.0,0.0
729,729,2026-06-20,Aungba,0.5714285714285714,0.1428571428571428
730,730,2026-06-20,Rimba,0.0,0.0
731,731,2026-06-20,Aru,0.0,0.0
732,732,2026-06-20,Mambasa,0.0,0.0
733,733,2026-06-20,Logo,0.0,0.0
734,734,2026-06-20,Drodro,0.25,0.25
735,735,2026-06-20,Gethy,0.0,0.0
736,736,2026-06-20,Kambala,0.0,0.0
737,737,2026-06-20,Nia-Nia,0.0,0.1428571428571428
738,738,2026-06-20,Fataki,0.1428571428571428,0.0
739,739,2026-06-20,Butembo,1.2857142857142858,1.1428571428571428
740,740,2026-06-20,Katwa,1.2857142857142858,1.1428571428571428
741,741,2026-06-20,Beni,0.4285714285714285,1.0
742,742,2026-06-20,Oicha,0.1428571428571428,0.0
743,743,2026-06-20,Kalunguta,0.1428571428571428,0.0
744,744,2026-06-20,Kyondo,0.0,0.0
745,745,2026-06-20,Goma,0.0,0.0
746,746,2026-06-20,Masereka,0.0,0.0
747,747,2026-06-20,Vuhovi,0.0,0.0
748,748,2026-06-20,Mabalako,0.0,0.0
749,749,2026-06-20,Musienene,0.2,0.25
750,750,2026-06-20,Miti-Murhesa,0.0,0.0
751,751,2026-06-21,Bunia,10.0,3.571428571428572
752,752,2026-06-21,Rwampara,11.857142857142858,1.2857142857142858
753,753,2026-06-21,Mongbalu,7.714285714285714,3.2857142857142856
754,754,2026-06-21,Nyakunde,6.285714285714286,0.7142857142857143
755,755,2026-06-21,Nizi,2.142857142857143,0.5714285714285714
756,756,2026-06-21,Lita,2.142857142857143,0.8571428571428571
757,757,2026-06-21,Komanda,0.5714285714285714,0.4285714285714285
758,758,2026-06-21,Bambu,1.0,0.0
759,759,2026-06-21,Kilo,0.4285714285714285,0.0
760,760,2026-06-21,Mangala,0.8571428571428571,0.2857142857142857
761,761,2026-06-21,Tchomia,0.7142857142857143,0.0
762,762,2026-06-21,Damas,0.0,0.0
763,763,2026-06-21,Aungba,0.5714285714285714,0.1428571428571428
764,764,2026-06-21,Rimba,0.0,0.0
765,765,2026-06-21,Aru,0.0,0.0
766,766,2026-06-21,Mambasa,0.0,0.0
767,767,2026-06-21,Logo,0.0,0.0
768,768,2026-06-21,Drodro,0.2,0.2
769,769,2026-06-21,Gethy,0.0,0.0
770,770,2026-06-21,Kambala,0.0,0.0
771,771,2026-06-21,Nia-Nia,0.1428571428571428,0.1428571428571428
772,772,2026-06-21,Fataki,0.1428571428571428,0.0
773,773,2026-06-21,Butembo,1.2857142857142858,0.8571428571428571
774,774,2026-06-21,Katwa,1.1428571428571428,1.0
775,775,2026-06-21,Beni,0.5714285714285714,0.2857142857142857
776,776,2026-06-21,Oicha,0.1428571428571428,0.0
777,777,2026-06-21,Kalunguta,0.1428571428571428,0.0
778,778,2026-06-21,Kyondo,0.1428571428571428,0.0
779,779,2026-06-21,Goma,0.0,0.0
780,780,2026-06-21,Masereka,0.0,0.0
781,781,2026-06-21,Vuhovi,0.0,0.0
782,782,2026-06-21,Mabalako,0.0,0.0
783,783,2026-06-21,Musienene,0.3333333333333333,0.2
784,784,2026-06-21,Miti-Murhesa,0.0,0.0
